"No.","Time","Source","Destination","Protocol","Length","Info"
"1","0.000000000","192.168.100.10","192.168.100.11","TCP","74","46070  >  9999 [SYN] Seq=0 Win=64240 Len=0 MSS=1460 SACK_PERM TSval=3054223858 TSecr=0 WS=512"
"2","0.003259357","192.168.100.11","192.168.100.10","TCP","74","9999  >  46070 [SYN, ACK] Seq=0 Ack=1 Win=65160 Len=0 MSS=1460 SACK_PERM TSval=2230215204 TSecr=3054223858 WS=128"
"3","0.003281701","192.168.100.10","192.168.100.11","TCP","66","46070  >  9999 [ACK] Seq=1 Ack=1 Win=64512 Len=0 TSval=3054223861 TSecr=2230215204"
"4","0.003369910","192.168.100.10","192.168.100.11","TCP","5383","46070  >  9999 [PSH, ACK] Seq=1 Ack=1 Win=64512 Len=5317 TSval=3054223861 TSecr=2230215204"
"5","0.003422732","192.168.100.10","192.168.100.11","TCP","66","46070  >  9999 [FIN, ACK] Seq=5318 Ack=1 Win=64512 Len=0 TSval=3054223861 TSecr=2230215204"
"6","0.003743272","192.168.100.11","192.168.100.10","TCP","66","9999  >  46070 [ACK] Seq=1 Ack=5318 Win=64128 Len=0 TSval=2230215205 TSecr=3054223861"
"7","0.004008155","192.168.100.10","192.168.100.12","TCP","74","33826  >  9999 [SYN] Seq=0 Win=64240 Len=0 MSS=1460 SACK_PERM TSval=4011346006 TSecr=0 WS=512"
"8","0.004739651","192.168.100.12","192.168.100.10","TCP","74","9999  >  33826 [SYN, ACK] Seq=0 Ack=1 Win=65160 Len=0 MSS=1460 SACK_PERM TSval=412253200 TSecr=4011346006 WS=128"
"9","0.004764710","192.168.100.10","192.168.100.12","TCP","66","33826  >  9999 [ACK] Seq=1 Ack=1 Win=64512 Len=0 TSval=4011346006 TSecr=412253200"
"10","0.004840830","192.168.100.11","192.168.100.10","TCP","66","9999  >  46070 [FIN, ACK] Seq=1 Ack=5319 Win=64128 Len=0 TSval=2230215206 TSecr=3054223861"
"11","0.004848934","192.168.100.10","192.168.100.11","TCP","66","46070  >  9999 [ACK] Seq=5319 Ack=2 Win=64512 Len=0 TSval=3054223863 TSecr=2230215206"
"12","0.004954619","192.168.100.10","192.168.100.12","TCP","5383","33826  >  9999 [PSH, ACK] Seq=1 Ack=1 Win=64512 Len=5317 TSval=4011346007 TSecr=412253200"
"13","0.005020195","192.168.100.10","192.168.100.12","TCP","66","33826  >  9999 [FIN, ACK] Seq=5318 Ack=1 Win=64512 Len=0 TSval=4011346007 TSecr=412253200"
"14","0.005407654","192.168.100.12","192.168.100.10","TCP","66","9999  >  33826 [ACK] Seq=1 Ack=5318 Win=64128 Len=0 TSval=412253201 TSecr=4011346007"
"15","0.006330534","192.168.100.12","192.168.100.10","TCP","66","9999  >  33826 [FIN, ACK] Seq=1 Ack=5319 Win=64128 Len=0 TSval=412253202 TSecr=4011346007"
"16","0.006347460","192.168.100.10","192.168.100.12","TCP","66","33826  >  9999 [ACK] Seq=5319 Ack=2 Win=64512 Len=0 TSval=4011346008 TSecr=412253202"
"17","0.007039070","192.168.100.11","192.168.100.10","TCP","74","38242  >  8888 [SYN] Seq=0 Win=64240 Len=0 MSS=1460 SACK_PERM TSval=2230215208 TSecr=0 WS=128"
"18","0.007064823","192.168.100.10","192.168.100.11","TCP","74","8888  >  38242 [SYN, ACK] Seq=0 Ack=1 Win=65160 Len=0 MSS=1460 SACK_PERM TSval=3054223865 TSecr=2230215208 WS=512"
"19","0.007321121","192.168.100.11","192.168.100.10","TCP","66","38242  >  8888 [ACK] Seq=1 Ack=1 Win=64256 Len=0 TSval=2230215209 TSecr=3054223865"
"20","0.009218866","192.168.100.12","192.168.100.10","TCP","74","48634  >  8888 [SYN] Seq=0 Win=64240 Len=0 MSS=1460 SACK_PERM TSval=412253205 TSecr=0 WS=128"
"21","0.009250203","192.168.100.10","192.168.100.12","TCP","74","8888  >  48634 [SYN, ACK] Seq=0 Ack=1 Win=65160 Len=0 MSS=1460 SACK_PERM TSval=4011346011 TSecr=412253205 WS=512"
"22","0.009426429","192.168.100.12","192.168.100.10","TCP","66","48634  >  8888 [ACK] Seq=1 Ack=1 Win=64256 Len=0 TSval=412253205 TSecr=4011346011"
"23","0.009519050","192.168.100.11","192.168.100.10","TCP","265","38242  >  8888 [PSH, ACK] Seq=1 Ack=1 Win=64256 Len=199 TSval=2230215211 TSecr=3054223865"
"24","0.009519109","192.168.100.11","192.168.100.10","TCP","66","38242  >  8888 [FIN, ACK] Seq=200 Ack=1 Win=64256 Len=0 TSval=2230215211 TSecr=3054223865"
"25","0.009538639","192.168.100.10","192.168.100.11","TCP","66","8888  >  38242 [ACK] Seq=1 Ack=200 Win=65024 Len=0 TSval=3054223867 TSecr=2230215211"
"26","0.009699768","192.168.100.10","192.168.100.11","TCP","66","8888  >  38242 [FIN, ACK] Seq=1 Ack=201 Win=65024 Len=0 TSval=3054223867 TSecr=2230215211"
"27","0.009872516","192.168.100.11","192.168.100.10","TCP","66","38242  >  8888 [ACK] Seq=201 Ack=2 Win=64256 Len=0 TSval=2230215211 TSecr=3054223867"
"28","0.013494247","192.168.100.12","192.168.100.10","TCP","265","48634  >  8888 [PSH, ACK] Seq=1 Ack=1 Win=64256 Len=199 TSval=412253209 TSecr=4011346011"
"29","0.013495076","192.168.100.12","192.168.100.10","TCP","66","48634  >  8888 [FIN, ACK] Seq=200 Ack=1 Win=64256 Len=0 TSval=412253209 TSecr=4011346011"
"30","0.013550834","192.168.100.10","192.168.100.12","TCP","66","8888  >  48634 [ACK] Seq=1 Ack=200 Win=65024 Len=0 TSval=4011346015 TSecr=412253209"
"31","0.014243161","192.168.100.10","192.168.100.12","TCP","66","8888  >  48634 [FIN, ACK] Seq=1 Ack=201 Win=65024 Len=0 TSval=4011346016 TSecr=412253209"
"32","0.014518019","192.168.100.12","192.168.100.10","TCP","66","48634  >  8888 [ACK] Seq=201 Ack=2 Win=64256 Len=0 TSval=412253210 TSecr=4011346016"
"33","0.166206399","192.168.100.11","192.168.100.10","TCP","74","33038  >  7777 [SYN] Seq=0 Win=64240 Len=0 MSS=1460 SACK_PERM TSval=2230215367 TSecr=0 WS=128"
"34","0.166247490","192.168.100.10","192.168.100.11","TCP","74","7777  >  33038 [SYN, ACK] Seq=0 Ack=1 Win=65160 Len=0 MSS=1460 SACK_PERM TSval=3054224024 TSecr=2230215367 WS=512"
"35","0.166594633","192.168.100.11","192.168.100.10","TCP","66","33038  >  7777 [ACK] Seq=1 Ack=1 Win=64256 Len=0 TSval=2230215368 TSecr=3054224024"
"36","0.167356567","192.168.100.11","192.168.100.10","TCP","90","33038  >  7777 [PSH, ACK] Seq=1 Ack=1 Win=64256 Len=24 TSval=2230215369 TSecr=3054224024"
"37","0.167356714","192.168.100.11","192.168.100.10","TCP","66","33038  >  7777 [FIN, ACK] Seq=25 Ack=1 Win=64256 Len=0 TSval=2230215369 TSecr=3054224024"
"38","0.167382122","192.168.100.10","192.168.100.11","TCP","66","7777  >  33038 [ACK] Seq=1 Ack=25 Win=65536 Len=0 TSval=3054224025 TSecr=2230215369"
"39","0.167535314","192.168.100.10","192.168.100.11","TCP","74","7777  >  33038 [PSH, ACK] Seq=1 Ack=26 Win=65536 Len=8 TSval=3054224025 TSecr=2230215369"
"40","0.167616501","192.168.100.10","192.168.100.11","TCP","66","7777  >  33038 [FIN, ACK] Seq=9 Ack=26 Win=65536 Len=0 TSval=3054224025 TSecr=2230215369"
"41","0.167639284","192.168.100.11","192.168.100.10","TCP","66","33038  >  7777 [ACK] Seq=26 Ack=9 Win=64256 Len=0 TSval=2230215369 TSecr=3054224025"
"42","0.167689075","192.168.100.11","192.168.100.10","TCP","66","33038  >  7777 [ACK] Seq=26 Ack=10 Win=64256 Len=0 TSval=2230215369 TSecr=3054224025"
"43","0.254098411","192.168.100.12","192.168.100.10","TCP","74","36548  >  7777 [SYN] Seq=0 Win=64240 Len=0 MSS=1460 SACK_PERM TSval=412253450 TSecr=0 WS=128"
"44","0.254138099","192.168.100.10","192.168.100.12","TCP","74","7777  >  36548 [SYN, ACK] Seq=0 Ack=1 Win=65160 Len=0 MSS=1460 SACK_PERM TSval=4011346256 TSecr=412253450 WS=512"
"45","0.254300399","192.168.100.12","192.168.100.10","TCP","66","36548  >  7777 [ACK] Seq=1 Ack=1 Win=64256 Len=0 TSval=412253450 TSecr=4011346256"
"46","0.255137424","192.168.100.12","192.168.100.10","TCP","90","36548  >  7777 [PSH, ACK] Seq=1 Ack=1 Win=64256 Len=24 TSval=412253451 TSecr=4011346256"
"47","0.255137802","192.168.100.12","192.168.100.10","TCP","66","36548  >  7777 [FIN, ACK] Seq=25 Ack=1 Win=64256 Len=0 TSval=412253451 TSecr=4011346256"
"48","0.255171663","192.168.100.10","192.168.100.12","TCP","66","7777  >  36548 [ACK] Seq=1 Ack=25 Win=65536 Len=0 TSval=4011346257 TSecr=412253451"
"49","0.255332218","192.168.100.10","192.168.100.12","TCP","74","7777  >  36548 [PSH, ACK] Seq=1 Ack=26 Win=65536 Len=8 TSval=4011346257 TSecr=412253451"
"50","0.255397207","192.168.100.10","192.168.100.12","TCP","66","7777  >  36548 [FIN, ACK] Seq=9 Ack=26 Win=65536 Len=0 TSval=4011346257 TSecr=412253451"
"51","0.255493675","192.168.100.12","192.168.100.10","TCP","66","36548  >  7777 [ACK] Seq=26 Ack=9 Win=64256 Len=0 TSval=412253451 TSecr=4011346257"
"52","0.255609610","192.168.100.12","192.168.100.10","TCP","66","36548  >  7777 [ACK] Seq=26 Ack=10 Win=64256 Len=0 TSval=412253452 TSecr=4011346257"
"53","1.169996885","192.168.100.11","192.168.100.10","TCP","74","33042  >  7777 [SYN] Seq=0 Win=64240 Len=0 MSS=1460 SACK_PERM TSval=2230216371 TSecr=0 WS=128"
"54","1.170031291","192.168.100.10","192.168.100.11","TCP","74","7777  >  33042 [SYN, ACK] Seq=0 Ack=1 Win=65160 Len=0 MSS=1460 SACK_PERM TSval=3054225028 TSecr=2230216371 WS=512"
"55","1.170309939","192.168.100.11","192.168.100.10","TCP","66","33042  >  7777 [ACK] Seq=1 Ack=1 Win=64256 Len=0 TSval=2230216372 TSecr=3054225028"
"56","1.170373661","192.168.100.11","192.168.100.10","TCP","90","33042  >  7777 [PSH, ACK] Seq=1 Ack=1 Win=64256 Len=24 TSval=2230216372 TSecr=3054225028"
"57","1.170373748","192.168.100.11","192.168.100.10","TCP","66","33042  >  7777 [FIN, ACK] Seq=25 Ack=1 Win=64256 Len=0 TSval=2230216372 TSecr=3054225028"
"58","1.170385793","192.168.100.10","192.168.100.11","TCP","66","7777  >  33042 [ACK] Seq=1 Ack=25 Win=65536 Len=0 TSval=3054225028 TSecr=2230216372"
"59","1.170864123","192.168.100.10","192.168.100.11","TCP","71","7777  >  33042 [PSH, ACK] Seq=1 Ack=26 Win=65536 Len=5 TSval=3054225029 TSecr=2230216372"
"60","1.170972988","192.168.100.10","192.168.100.11","TCP","66","7777  >  33042 [FIN, ACK] Seq=6 Ack=26 Win=65536 Len=0 TSval=3054225029 TSecr=2230216372"
"61","1.171002136","192.168.100.11","192.168.100.10","TCP","66","33042  >  7777 [ACK] Seq=26 Ack=6 Win=64256 Len=0 TSval=2230216372 TSecr=3054225029"
"62","1.171122508","192.168.100.11","192.168.100.10","TCP","66","33042  >  7777 [ACK] Seq=26 Ack=7 Win=64256 Len=0 TSval=2230216373 TSecr=3054225029"
"63","1.218498664","VMware_73:39:c1","Broadcast","ARP","60","Who has 192.168.100.13? Tell 192.168.100.11"
"64","1.218893305","VMware_50:3b:75","VMware_73:39:c1","ARP","60","192.168.100.13 is at 00:0c:29:50:3b:75"
"65","1.229239292","192.168.100.11","192.168.100.13","TCP","60","57603  >  8080 [SYN] Seq=0 Win=1024 Len=0 MSS=1460"
"66","1.229239519","192.168.100.11","192.168.100.13","TCP","60","57603  >  443 [SYN] Seq=0 Win=1024 Len=0 MSS=1460"
"67","1.229239555","192.168.100.11","192.168.100.13","TCP","60","57603  >  21 [SYN] Seq=0 Win=1024 Len=0 MSS=1460"
"68","1.229239591","192.168.100.11","192.168.100.13","TCP","60","57603  >  80 [SYN] Seq=0 Win=1024 Len=0 MSS=1460"
"69","1.229239626","192.168.100.11","192.168.100.13","TCP","60","57603  >  22 [SYN] Seq=0 Win=1024 Len=0 MSS=1460"
"70","1.229239661","192.168.100.11","192.168.100.13","TCP","60","57603  >  3306 [SYN] Seq=0 Win=1024 Len=0 MSS=1460"
"71","1.230058853","192.168.100.13","192.168.100.11","TCP","60","8080  >  57603 [SYN, ACK] Seq=0 Ack=1 Win=64240 Len=0 MSS=1460"
"72","1.230059404","192.168.100.13","192.168.100.11","TCP","60","443  >  57603 [SYN, ACK] Seq=0 Ack=1 Win=64240 Len=0 MSS=1460"
"73","1.230059446","192.168.100.13","192.168.100.11","TCP","60","21  >  57603 [SYN, ACK] Seq=0 Ack=1 Win=64240 Len=0 MSS=1460"
"74","1.230059481","192.168.100.13","192.168.100.11","TCP","60","80  >  57603 [SYN, ACK] Seq=0 Ack=1 Win=64240 Len=0 MSS=1460"
"75","1.230181856","192.168.100.13","192.168.100.11","TCP","60","22  >  57603 [SYN, ACK] Seq=0 Ack=1 Win=64240 Len=0 MSS=1460"
"76","1.230182107","192.168.100.13","192.168.100.11","TCP","60","3306  >  57603 [SYN, ACK] Seq=0 Ack=1 Win=64240 Len=0 MSS=1460"
"77","1.230182146","192.168.100.11","192.168.100.13","TCP","60","57603  >  8080 [RST] Seq=1 Win=0 Len=0"
"78","1.230182182","192.168.100.11","192.168.100.13","TCP","60","57603  >  443 [RST] Seq=1 Win=0 Len=0"
"79","1.230182218","192.168.100.11","192.168.100.13","TCP","60","57603  >  21 [RST] Seq=1 Win=0 Len=0"
"80","1.230298587","192.168.100.11","192.168.100.13","TCP","60","57603  >  80 [RST] Seq=1 Win=0 Len=0"
"81","1.230298700","192.168.100.11","192.168.100.13","TCP","60","57603  >  22 [RST] Seq=1 Win=0 Len=0"
"82","1.230298736","192.168.100.11","192.168.100.13","TCP","60","57603  >  3306 [RST] Seq=1 Win=0 Len=0"
"83","1.258125997","192.168.100.11","192.168.100.13","TCP","74","56914  >  9999 [SYN] Seq=0 Win=64240 Len=0 MSS=1460 SACK_PERM TSval=3827738314 TSecr=0 WS=128"
"84","1.258126551","192.168.100.12","192.168.100.10","TCP","74","36562  >  7777 [SYN] Seq=0 Win=64240 Len=0 MSS=1460 SACK_PERM TSval=412254454 TSecr=0 WS=128"
"85","1.258165015","192.168.100.10","192.168.100.12","TCP","74","7777  >  36562 [SYN, ACK] Seq=0 Ack=1 Win=65160 Len=0 MSS=1460 SACK_PERM TSval=4011347260 TSecr=412254454 WS=512"
"86","1.258368235","192.168.100.13","192.168.100.11","TCP","74","9999  >  56914 [SYN, ACK] Seq=0 Ack=1 Win=65160 Len=0 MSS=1460 SACK_PERM TSval=1612776052 TSecr=3827738314 WS=128"
"87","1.258368347","192.168.100.12","192.168.100.10","TCP","66","36562  >  7777 [ACK] Seq=1 Ack=1 Win=64256 Len=0 TSval=412254454 TSecr=4011347260"
"88","1.258456747","192.168.100.12","192.168.100.10","TCP","90","36562  >  7777 [PSH, ACK] Seq=1 Ack=1 Win=64256 Len=24 TSval=412254454 TSecr=4011347260"
"89","1.258456919","192.168.100.12","192.168.100.10","TCP","66","36562  >  7777 [FIN, ACK] Seq=25 Ack=1 Win=64256 Len=0 TSval=412254454 TSecr=4011347260"
"90","1.258473935","192.168.100.10","192.168.100.12","TCP","66","7777  >  36562 [ACK] Seq=1 Ack=25 Win=65536 Len=0 TSval=4011347260 TSecr=412254454"
"91","1.258714596","192.168.100.11","192.168.100.13","TCP","66","56914  >  9999 [ACK] Seq=1 Ack=1 Win=64256 Len=0 TSval=3827738315 TSecr=1612776052"
"92","1.258980278","192.168.100.10","192.168.100.12","TCP","74","7777  >  36562 [PSH, ACK] Seq=1 Ack=26 Win=65536 Len=8 TSval=4011347261 TSecr=412254454"
"93","1.259068002","192.168.100.10","192.168.100.12","TCP","66","7777  >  36562 [FIN, ACK] Seq=9 Ack=26 Win=65536 Len=0 TSval=4011347261 TSecr=412254454"
"94","1.259122274","192.168.100.11","192.168.100.13","TCP","5383","56914  >  9999 [PSH, ACK] Seq=1 Ack=1 Win=64256 Len=5317 TSval=3827738315 TSecr=1612776052"
"95","1.259221689","192.168.100.12","192.168.100.10","TCP","66","36562  >  7777 [ACK] Seq=26 Ack=9 Win=64256 Len=0 TSval=412254455 TSecr=4011347261"
"96","1.259221816","192.168.100.13","192.168.100.11","TCP","66","9999  >  56914 [ACK] Seq=1 Ack=5318 Win=64128 Len=0 TSval=1612776053 TSecr=3827738315"
"97","1.259240909","192.168.100.12","192.168.100.10","TCP","66","36562  >  7777 [ACK] Seq=26 Ack=10 Win=64256 Len=0 TSval=412254455 TSecr=4011347261"
"98","1.260421375","192.168.100.11","192.168.100.13","TCP","66","56914  >  9999 [FIN, ACK] Seq=5318 Ack=1 Win=64256 Len=0 TSval=3827738317 TSecr=1612776053"
"99","1.260616451","192.168.100.13","192.168.100.11","TCP","66","9999  >  56914 [FIN, ACK] Seq=1 Ack=5319 Win=64128 Len=0 TSval=1612776054 TSecr=3827738317"
"100","1.260705070","192.168.100.11","192.168.100.13","TCP","66","56914  >  9999 [ACK] Seq=5319 Ack=2 Win=64256 Len=0 TSval=3827738317 TSecr=1612776054"
"101","1.261591957","192.168.100.11","192.168.100.10","TCP","74","33048  >  7777 [SYN] Seq=0 Win=64240 Len=0 MSS=1460 SACK_PERM TSval=2230216463 TSecr=0 WS=128"
"102","1.261623204","192.168.100.10","192.168.100.11","TCP","74","7777  >  33048 [SYN, ACK] Seq=0 Ack=1 Win=65160 Len=0 MSS=1460 SACK_PERM TSval=3054225119 TSecr=2230216463 WS=512"
"103","1.261675151","192.168.100.13","192.168.100.10","TCP","74","49928  >  8888 [SYN] Seq=0 Win=64240 Len=0 MSS=1460 SACK_PERM TSval=1725358608 TSecr=0 WS=128"
"104","1.261684697","192.168.100.10","192.168.100.13","TCP","74","8888  >  49928 [SYN, ACK] Seq=0 Ack=1 Win=65160 Len=0 MSS=1460 SACK_PERM TSval=2451794718 TSecr=1725358608 WS=512"
"105","1.261861935","192.168.100.11","192.168.100.10","TCP","66","33048  >  7777 [ACK] Seq=1 Ack=1 Win=64256 Len=0 TSval=2230216463 TSecr=3054225119"
"106","1.261862139","192.168.100.13","192.168.100.10","TCP","66","49928  >  8888 [ACK] Seq=1 Ack=1 Win=64256 Len=0 TSval=1725358609 TSecr=2451794718"
"107","1.262267766","192.168.100.11","192.168.100.10","TCP","90","33048  >  7777 [PSH, ACK] Seq=1 Ack=1 Win=64256 Len=24 TSval=2230216464 TSecr=3054225119"
"108","1.262284612","192.168.100.10","192.168.100.11","TCP","66","7777  >  33048 [ACK] Seq=1 Ack=25 Win=65536 Len=0 TSval=3054225120 TSecr=2230216464"
"109","1.262332970","192.168.100.11","192.168.100.10","TCP","66","33048  >  7777 [FIN, ACK] Seq=25 Ack=1 Win=64256 Len=0 TSval=2230216464 TSecr=3054225119"
"110","1.262514481","192.168.100.10","192.168.100.11","TCP","74","7777  >  33048 [PSH, ACK] Seq=1 Ack=26 Win=65536 Len=8 TSval=3054225120 TSecr=2230216464"
"111","1.262676993","192.168.100.10","192.168.100.11","TCP","66","7777  >  33048 [FIN, ACK] Seq=9 Ack=26 Win=65536 Len=0 TSval=3054225120 TSecr=2230216464"
"112","1.262742701","192.168.100.11","192.168.100.10","TCP","66","33048  >  7777 [ACK] Seq=26 Ack=9 Win=64256 Len=0 TSval=2230216464 TSecr=3054225120"
"113","1.262874528","192.168.100.11","192.168.100.10","TCP","66","33048  >  7777 [ACK] Seq=26 Ack=10 Win=64256 Len=0 TSval=2230216464 TSecr=3054225120"
"114","1.264353172","192.168.100.13","192.168.100.10","TCP","265","49928  >  8888 [PSH, ACK] Seq=1 Ack=1 Win=64256 Len=199 TSval=1725358611 TSecr=2451794718"
"115","1.264353459","192.168.100.13","192.168.100.10","TCP","66","49928  >  8888 [FIN, ACK] Seq=200 Ack=1 Win=64256 Len=0 TSval=1725358611 TSecr=2451794718"
"116","1.264388261","192.168.100.10","192.168.100.13","TCP","66","8888  >  49928 [ACK] Seq=1 Ack=200 Win=65024 Len=0 TSval=2451794721 TSecr=1725358611"
"117","1.264666059","192.168.100.10","192.168.100.13","TCP","66","8888  >  49928 [FIN, ACK] Seq=1 Ack=201 Win=65024 Len=0 TSval=2451794721 TSecr=1725358611"
"118","1.265034668","192.168.100.13","192.168.100.10","TCP","66","49928  >  8888 [ACK] Seq=201 Ack=2 Win=64256 Len=0 TSval=1725358612 TSecr=2451794721"
"119","1.529392069","192.168.100.13","192.168.100.10","TCP","74","43552  >  7777 [SYN] Seq=0 Win=64240 Len=0 MSS=1460 SACK_PERM TSval=1725358876 TSecr=0 WS=128"
"120","1.529416009","192.168.100.10","192.168.100.13","TCP","74","7777  >  43552 [SYN, ACK] Seq=0 Ack=1 Win=65160 Len=0 MSS=1460 SACK_PERM TSval=2451794986 TSecr=1725358876 WS=512"
"121","1.529632671","192.168.100.13","192.168.100.10","TCP","66","43552  >  7777 [ACK] Seq=1 Ack=1 Win=64256 Len=0 TSval=1725358876 TSecr=2451794986"
"122","1.531025747","192.168.100.13","192.168.100.10","TCP","90","43552  >  7777 [PSH, ACK] Seq=1 Ack=1 Win=64256 Len=24 TSval=1725358878 TSecr=2451794986"
"123","1.531025861","192.168.100.13","192.168.100.10","TCP","66","43552  >  7777 [FIN, ACK] Seq=25 Ack=1 Win=64256 Len=0 TSval=1725358878 TSecr=2451794986"
"124","1.531043187","192.168.100.10","192.168.100.13","TCP","66","7777  >  43552 [ACK] Seq=1 Ack=25 Win=65536 Len=0 TSval=2451794988 TSecr=1725358878"
"125","1.531160778","192.168.100.10","192.168.100.13","TCP","74","7777  >  43552 [PSH, ACK] Seq=1 Ack=26 Win=65536 Len=8 TSval=2451794988 TSecr=1725358878"
"126","1.531242528","192.168.100.10","192.168.100.13","TCP","66","7777  >  43552 [FIN, ACK] Seq=9 Ack=26 Win=65536 Len=0 TSval=2451794988 TSecr=1725358878"
"127","1.531527936","192.168.100.13","192.168.100.10","TCP","66","43552  >  7777 [ACK] Seq=26 Ack=9 Win=64256 Len=0 TSval=1725358878 TSecr=2451794988"
"128","1.531528050","192.168.100.13","192.168.100.10","TCP","66","43552  >  7777 [ACK] Seq=26 Ack=10 Win=64256 Len=0 TSval=1725358878 TSecr=2451794988"
"129","2.262203390","192.168.100.12","192.168.100.10","TCP","74","36570  >  7777 [SYN] Seq=0 Win=64240 Len=0 MSS=1460 SACK_PERM TSval=412255458 TSecr=0 WS=128"
"130","2.262527549","192.168.100.10","192.168.100.12","TCP","74","7777  >  36570 [SYN, ACK] Seq=0 Ack=1 Win=65160 Len=0 MSS=1460 SACK_PERM TSval=4011348264 TSecr=412255458 WS=512"
"131","2.264027588","192.168.100.12","192.168.100.10","TCP","66","36570  >  7777 [ACK] Seq=1 Ack=1 Win=64256 Len=0 TSval=412255460 TSecr=4011348264"
"132","2.264232143","192.168.100.12","192.168.100.10","TCP","90","36570  >  7777 [PSH, ACK] Seq=1 Ack=1 Win=64256 Len=24 TSval=412255460 TSecr=4011348264"
"133","2.264232368","192.168.100.12","192.168.100.10","TCP","66","36570  >  7777 [FIN, ACK] Seq=25 Ack=1 Win=64256 Len=0 TSval=412255460 TSecr=4011348264"
"134","2.264258133","192.168.100.10","192.168.100.12","TCP","66","7777  >  36570 [ACK] Seq=1 Ack=25 Win=65536 Len=0 TSval=4011348266 TSecr=412255460"
"135","2.265446979","192.168.100.10","192.168.100.12","TCP","71","7777  >  36570 [PSH, ACK] Seq=1 Ack=26 Win=65536 Len=5 TSval=4011348267 TSecr=412255460"
"136","2.265664265","192.168.100.10","192.168.100.12","TCP","66","7777  >  36570 [FIN, ACK] Seq=6 Ack=26 Win=65536 Len=0 TSval=4011348267 TSecr=412255460"
"137","2.265800640","192.168.100.11","192.168.100.10","TCP","74","33060  >  7777 [SYN] Seq=0 Win=64240 Len=0 MSS=1460 SACK_PERM TSval=2230217467 TSecr=0 WS=128"
"138","2.265840730","192.168.100.10","192.168.100.11","TCP","74","7777  >  33060 [SYN, ACK] Seq=0 Ack=1 Win=65160 Len=0 MSS=1460 SACK_PERM TSval=3054226123 TSecr=2230217467 WS=512"
"139","2.266139980","192.168.100.12","192.168.100.10","TCP","66","36570  >  7777 [ACK] Seq=26 Ack=6 Win=64256 Len=0 TSval=412255462 TSecr=4011348267"
"140","2.266140195","192.168.100.12","192.168.100.10","TCP","66","36570  >  7777 [ACK] Seq=26 Ack=7 Win=64256 Len=0 TSval=412255462 TSecr=4011348267"
"141","2.266729655","192.168.100.11","192.168.100.10","TCP","66","33060  >  7777 [ACK] Seq=1 Ack=1 Win=64256 Len=0 TSval=2230217468 TSecr=3054226123"
"142","2.267240820","192.168.100.11","192.168.100.10","TCP","90","33060  >  7777 [PSH, ACK] Seq=1 Ack=1 Win=64256 Len=24 TSval=2230217468 TSecr=3054226123"
"143","2.267266918","192.168.100.10","192.168.100.11","TCP","66","7777  >  33060 [ACK] Seq=1 Ack=25 Win=65536 Len=0 TSval=3054226125 TSecr=2230217468"
"144","2.267351468","192.168.100.11","192.168.100.10","TCP","66","33060  >  7777 [FIN, ACK] Seq=25 Ack=1 Win=64256 Len=0 TSval=2230217469 TSecr=3054226123"
"145","2.267693379","192.168.100.10","192.168.100.11","TCP","74","7777  >  33060 [PSH, ACK] Seq=1 Ack=26 Win=65536 Len=8 TSval=3054226125 TSecr=2230217469"
"146","2.268012440","192.168.100.10","192.168.100.11","TCP","66","7777  >  33060 [FIN, ACK] Seq=9 Ack=26 Win=65536 Len=0 TSval=3054226126 TSecr=2230217469"
"147","2.268212874","192.168.100.11","192.168.100.10","TCP","66","33060  >  7777 [ACK] Seq=26 Ack=9 Win=64256 Len=0 TSval=2230217470 TSecr=3054226125"
"148","2.268991972","192.168.100.11","192.168.100.10","TCP","66","33060  >  7777 [ACK] Seq=26 Ack=10 Win=64256 Len=0 TSval=2230217470 TSecr=3054226126"
"149","2.364269378","VMware_48:a5:6d","Broadcast","ARP","60","Who has 192.168.100.14? Tell 192.168.100.12"
"150","2.364307462","VMware_ed:58:af","VMware_48:a5:6d","ARP","60","192.168.100.14 is at 00:0c:29:ed:58:af"
"151","2.374351492","192.168.100.12","192.168.100.14","TCP","60","61547  >  22 [SYN] Seq=0 Win=1024 Len=0 MSS=1460"
"152","2.374351691","192.168.100.12","192.168.100.14","TCP","60","61547  >  443 [SYN] Seq=0 Win=1024 Len=0 MSS=1460"
"153","2.374351717","192.168.100.12","192.168.100.14","TCP","60","61547  >  80 [SYN] Seq=0 Win=1024 Len=0 MSS=1460"
"154","2.374351743","192.168.100.12","192.168.100.14","TCP","60","61547  >  21 [SYN] Seq=0 Win=1024 Len=0 MSS=1460"
"155","2.374351769","192.168.100.12","192.168.100.14","TCP","60","61547  >  8080 [SYN] Seq=0 Win=1024 Len=0 MSS=1460"
"156","2.374351795","192.168.100.12","192.168.100.14","TCP","60","61547  >  3306 [SYN] Seq=0 Win=1024 Len=0 MSS=1460"
"157","2.374649207","192.168.100.14","192.168.100.12","TCP","60","22  >  61547 [SYN, ACK] Seq=0 Ack=1 Win=64240 Len=0 MSS=1460"
"158","2.374649410","192.168.100.14","192.168.100.12","TCP","60","443  >  61547 [SYN, ACK] Seq=0 Ack=1 Win=64240 Len=0 MSS=1460"
"159","2.374649451","192.168.100.14","192.168.100.12","TCP","60","80  >  61547 [SYN, ACK] Seq=0 Ack=1 Win=64240 Len=0 MSS=1460"
"160","2.374649480","192.168.100.14","192.168.100.12","TCP","60","21  >  61547 [SYN, ACK] Seq=0 Ack=1 Win=64240 Len=0 MSS=1460"
"161","2.374649509","192.168.100.14","192.168.100.12","TCP","60","8080  >  61547 [SYN, ACK] Seq=0 Ack=1 Win=64240 Len=0 MSS=1460"
"162","2.374649538","192.168.100.14","192.168.100.12","TCP","60","3306  >  61547 [SYN, ACK] Seq=0 Ack=1 Win=64240 Len=0 MSS=1460"
"163","2.375105803","192.168.100.12","192.168.100.14","TCP","60","61547  >  22 [RST] Seq=1 Win=0 Len=0"
"164","2.375105847","192.168.100.12","192.168.100.14","TCP","60","61547  >  443 [RST] Seq=1 Win=0 Len=0"
"165","2.375105883","192.168.100.12","192.168.100.14","TCP","60","61547  >  80 [RST] Seq=1 Win=0 Len=0"
"166","2.375105909","192.168.100.12","192.168.100.14","TCP","60","61547  >  21 [RST] Seq=1 Win=0 Len=0"
"167","2.375105944","192.168.100.12","192.168.100.14","TCP","60","61547  >  8080 [RST] Seq=1 Win=0 Len=0"
"168","2.375105971","192.168.100.12","192.168.100.14","TCP","60","61547  >  3306 [RST] Seq=1 Win=0 Len=0"
"169","2.417700866","192.168.100.12","192.168.100.14","TCP","74","33116  >  9999 [SYN] Seq=0 Win=64240 Len=0 MSS=1460 SACK_PERM TSval=3839491838 TSecr=0 WS=128"
"170","2.417701201","192.168.100.14","192.168.100.12","TCP","74","9999  >  33116 [SYN, ACK] Seq=0 Ack=1 Win=65160 Len=0 MSS=1460 SACK_PERM TSval=1646195209 TSecr=3839491838 WS=128"
"171","2.418095509","192.168.100.12","192.168.100.14","TCP","66","33116  >  9999 [ACK] Seq=1 Ack=1 Win=64256 Len=0 TSval=3839491838 TSecr=1646195209"
"172","2.418363435","192.168.100.12","192.168.100.14","TCP","5383","33116  >  9999 [PSH, ACK] Seq=1 Ack=1 Win=64256 Len=5317 TSval=3839491838 TSecr=1646195209"
"173","2.418363616","192.168.100.12","192.168.100.14","TCP","66","33116  >  9999 [FIN, ACK] Seq=5318 Ack=1 Win=64256 Len=0 TSval=3839491838 TSecr=1646195209"
"174","2.418654422","192.168.100.14","192.168.100.12","TCP","66","9999  >  33116 [ACK] Seq=1 Ack=5318 Win=64128 Len=0 TSval=1646195210 TSecr=3839491838"
"175","2.418654575","192.168.100.12","192.168.100.10","TCP","74","36586  >  7777 [SYN] Seq=0 Win=64240 Len=0 MSS=1460 SACK_PERM TSval=412255615 TSecr=0 WS=128"
"176","2.418680308","192.168.100.10","192.168.100.12","TCP","74","7777  >  36586 [SYN, ACK] Seq=0 Ack=1 Win=65160 Len=0 MSS=1460 SACK_PERM TSval=4011348420 TSecr=412255615 WS=512"
"177","2.418825153","192.168.100.14","192.168.100.12","TCP","66","9999  >  33116 [FIN, ACK] Seq=1 Ack=5319 Win=64128 Len=0 TSval=1646195211 TSecr=3839491838"
"178","2.418960234","192.168.100.12","192.168.100.10","TCP","66","36586  >  7777 [ACK] Seq=1 Ack=1 Win=64256 Len=0 TSval=412255615 TSecr=4011348420"
"179","2.418960361","192.168.100.12","192.168.100.14","TCP","66","33116  >  9999 [ACK] Seq=5319 Ack=2 Win=64256 Len=0 TSval=3839491839 TSecr=1646195211"
"180","2.419015357","192.168.100.12","192.168.100.10","TCP","90","36586  >  7777 [PSH, ACK] Seq=1 Ack=1 Win=64256 Len=24 TSval=412255615 TSecr=4011348420"
"181","2.419015410","192.168.100.12","192.168.100.10","TCP","66","36586  >  7777 [FIN, ACK] Seq=25 Ack=1 Win=64256 Len=0 TSval=412255615 TSecr=4011348420"
"182","2.419025496","192.168.100.10","192.168.100.12","TCP","66","7777  >  36586 [ACK] Seq=1 Ack=25 Win=65536 Len=0 TSval=4011348421 TSecr=412255615"
"183","2.419412000","192.168.100.10","192.168.100.12","TCP","74","7777  >  36586 [PSH, ACK] Seq=1 Ack=26 Win=65536 Len=8 TSval=4011348421 TSecr=412255615"
"184","2.419499419","192.168.100.10","192.168.100.12","TCP","66","7777  >  36586 [FIN, ACK] Seq=9 Ack=26 Win=65536 Len=0 TSval=4011348421 TSecr=412255615"
"185","2.419613188","192.168.100.14","192.168.100.10","TCP","74","42988  >  8888 [SYN] Seq=0 Win=64240 Len=0 MSS=1460 SACK_PERM TSval=3424962390 TSecr=0 WS=128"
"186","2.419613288","192.168.100.12","192.168.100.10","TCP","66","36586  >  7777 [ACK] Seq=26 Ack=9 Win=64256 Len=0 TSval=412255616 TSecr=4011348421"
"187","2.419613330","192.168.100.12","192.168.100.10","TCP","66","36586  >  7777 [ACK] Seq=26 Ack=10 Win=64256 Len=0 TSval=412255616 TSecr=4011348421"
"188","2.419628694","192.168.100.10","192.168.100.14","TCP","74","8888  >  42988 [SYN, ACK] Seq=0 Ack=1 Win=65160 Len=0 MSS=1460 SACK_PERM TSval=1739819593 TSecr=3424962390 WS=512"
"189","2.419817763","192.168.100.14","192.168.100.10","TCP","66","42988  >  8888 [ACK] Seq=1 Ack=1 Win=64256 Len=0 TSval=3424962391 TSecr=1739819593"
"190","2.421021450","192.168.100.14","192.168.100.10","TCP","265","42988  >  8888 [PSH, ACK] Seq=1 Ack=1 Win=64256 Len=199 TSval=3424962392 TSecr=1739819593"
"191","2.421053664","192.168.100.10","192.168.100.14","TCP","66","8888  >  42988 [ACK] Seq=1 Ack=200 Win=65024 Len=0 TSval=1739819595 TSecr=3424962392"
"192","2.421103232","192.168.100.14","192.168.100.10","TCP","66","42988  >  8888 [FIN, ACK] Seq=200 Ack=1 Win=64256 Len=0 TSval=3424962392 TSecr=1739819593"
"193","2.421141731","192.168.100.10","192.168.100.14","TCP","66","8888  >  42988 [FIN, ACK] Seq=1 Ack=201 Win=65024 Len=0 TSval=1739819595 TSecr=3424962392"
"194","2.421360665","192.168.100.14","192.168.100.10","TCP","66","42988  >  8888 [ACK] Seq=201 Ack=2 Win=64256 Len=0 TSval=3424962392 TSecr=1739819595"
"195","2.519419874","192.168.100.14","192.168.100.10","TCP","74","51816  >  7777 [SYN] Seq=0 Win=64240 Len=0 MSS=1460 SACK_PERM TSval=3424962490 TSecr=0 WS=128"
"196","2.519444471","192.168.100.10","192.168.100.14","TCP","74","7777  >  51816 [SYN, ACK] Seq=0 Ack=1 Win=65160 Len=0 MSS=1460 SACK_PERM TSval=1739819693 TSecr=3424962490 WS=512"
"197","2.519853109","192.168.100.14","192.168.100.10","TCP","66","51816  >  7777 [ACK] Seq=1 Ack=1 Win=64256 Len=0 TSval=3424962491 TSecr=1739819693"
"198","2.522128973","192.168.100.14","192.168.100.10","TCP","90","51816  >  7777 [PSH, ACK] Seq=1 Ack=1 Win=64256 Len=24 TSval=3424962493 TSecr=1739819693"
"199","2.522129056","192.168.100.14","192.168.100.10","TCP","66","51816  >  7777 [FIN, ACK] Seq=25 Ack=1 Win=64256 Len=0 TSval=3424962493 TSecr=1739819693"
"200","2.522149565","192.168.100.10","192.168.100.14","TCP","66","7777  >  51816 [ACK] Seq=1 Ack=25 Win=65536 Len=0 TSval=1739819696 TSecr=3424962493"
"201","2.522262442","192.168.100.10","192.168.100.14","TCP","74","7777  >  51816 [PSH, ACK] Seq=1 Ack=26 Win=65536 Len=8 TSval=1739819696 TSecr=3424962493"
"202","2.522337275","192.168.100.10","192.168.100.14","TCP","66","7777  >  51816 [FIN, ACK] Seq=9 Ack=26 Win=65536 Len=0 TSval=1739819696 TSecr=3424962493"
"203","2.522433956","192.168.100.14","192.168.100.10","TCP","66","51816  >  7777 [ACK] Seq=26 Ack=9 Win=64256 Len=0 TSval=3424962493 TSecr=1739819696"
"204","2.522434044","192.168.100.14","192.168.100.10","TCP","66","51816  >  7777 [ACK] Seq=26 Ack=10 Win=64256 Len=0 TSval=3424962493 TSecr=1739819696"
"205","2.533624801","192.168.100.13","192.168.100.10","TCP","74","43564  >  7777 [SYN] Seq=0 Win=64240 Len=0 MSS=1460 SACK_PERM TSval=1725359880 TSecr=0 WS=128"
"206","2.533654795","192.168.100.10","192.168.100.13","TCP","74","7777  >  43564 [SYN, ACK] Seq=0 Ack=1 Win=65160 Len=0 MSS=1460 SACK_PERM TSval=2451795990 TSecr=1725359880 WS=512"
"207","2.533820053","192.168.100.13","192.168.100.10","TCP","66","43564  >  7777 [ACK] Seq=1 Ack=1 Win=64256 Len=0 TSval=1725359881 TSecr=2451795990"
"208","2.533942268","192.168.100.13","192.168.100.10","TCP","90","43564  >  7777 [PSH, ACK] Seq=1 Ack=1 Win=64256 Len=24 TSval=1725359881 TSecr=2451795990"
"209","2.533942326","192.168.100.13","192.168.100.10","TCP","66","43564  >  7777 [FIN, ACK] Seq=25 Ack=1 Win=64256 Len=0 TSval=1725359881 TSecr=2451795990"
"210","2.533953403","192.168.100.10","192.168.100.13","TCP","66","7777  >  43564 [ACK] Seq=1 Ack=25 Win=65536 Len=0 TSval=2451795991 TSecr=1725359881"
"211","2.534211467","192.168.100.10","192.168.100.13","TCP","74","7777  >  43564 [PSH, ACK] Seq=1 Ack=26 Win=65536 Len=8 TSval=2451795991 TSecr=1725359881"
"212","2.534304828","192.168.100.10","192.168.100.13","TCP","66","7777  >  43564 [FIN, ACK] Seq=9 Ack=26 Win=65536 Len=0 TSval=2451795991 TSecr=1725359881"
"213","2.534553884","192.168.100.13","192.168.100.10","TCP","66","43564  >  7777 [ACK] Seq=26 Ack=9 Win=64256 Len=0 TSval=1725359881 TSecr=2451795991"
"214","2.534554010","192.168.100.13","192.168.100.10","TCP","66","43564  >  7777 [ACK] Seq=26 Ack=10 Win=64256 Len=0 TSval=1725359881 TSecr=2451795991"
"215","3.271417452","192.168.100.11","192.168.100.10","TCP","74","33074  >  7777 [SYN] Seq=0 Win=64240 Len=0 MSS=1460 SACK_PERM TSval=2230218472 TSecr=0 WS=128"
"216","3.271467937","192.168.100.10","192.168.100.11","TCP","74","7777  >  33074 [SYN, ACK] Seq=0 Ack=1 Win=65160 Len=0 MSS=1460 SACK_PERM TSval=3054227129 TSecr=2230218472 WS=512"
"217","3.272331573","192.168.100.11","192.168.100.10","TCP","66","33074  >  7777 [ACK] Seq=1 Ack=1 Win=64256 Len=0 TSval=2230218473 TSecr=3054227129"
"218","3.272332003","192.168.100.11","192.168.100.10","TCP","90","33074  >  7777 [PSH, ACK] Seq=1 Ack=1 Win=64256 Len=24 TSval=2230218474 TSecr=3054227129"
"219","3.272332093","192.168.100.11","192.168.100.10","TCP","66","33074  >  7777 [FIN, ACK] Seq=25 Ack=1 Win=64256 Len=0 TSval=2230218474 TSecr=3054227129"
"220","3.272460381","192.168.100.10","192.168.100.11","TCP","66","7777  >  33074 [ACK] Seq=1 Ack=25 Win=65536 Len=0 TSval=3054227130 TSecr=2230218474"
"221","3.273205773","192.168.100.10","192.168.100.11","TCP","71","7777  >  33074 [PSH, ACK] Seq=1 Ack=26 Win=65536 Len=5 TSval=3054227131 TSecr=2230218474"
"222","3.273407077","192.168.100.10","192.168.100.11","TCP","66","7777  >  33074 [FIN, ACK] Seq=6 Ack=26 Win=65536 Len=0 TSval=3054227131 TSecr=2230218474"
"223","3.273985131","192.168.100.11","192.168.100.10","TCP","66","33074  >  7777 [ACK] Seq=26 Ack=6 Win=64256 Len=0 TSval=2230218475 TSecr=3054227131"
"224","3.274098881","192.168.100.11","192.168.100.10","TCP","66","33074  >  7777 [ACK] Seq=26 Ack=7 Win=64256 Len=0 TSval=2230218475 TSecr=3054227131"
"225","3.305141485","VMware_73:39:c1","Broadcast","ARP","60","Who has 192.168.100.15? Tell 192.168.100.11"
"226","3.305553381","VMware_59:33:4b","VMware_73:39:c1","ARP","60","192.168.100.15 is at 00:0c:29:59:33:4b"
"227","3.315063136","192.168.100.11","192.168.100.15","TCP","60","37593  >  443 [SYN] Seq=0 Win=1024 Len=0 MSS=1460"
"228","3.315063396","192.168.100.11","192.168.100.15","TCP","60","37593  >  22 [SYN] Seq=0 Win=1024 Len=0 MSS=1460"
"229","3.315063422","192.168.100.11","192.168.100.15","TCP","60","37593  >  8080 [SYN] Seq=0 Win=1024 Len=0 MSS=1460"
"230","3.315063449","192.168.100.11","192.168.100.15","TCP","60","37593  >  21 [SYN] Seq=0 Win=1024 Len=0 MSS=1460"
"231","3.315063475","192.168.100.11","192.168.100.15","TCP","60","37593  >  80 [SYN] Seq=0 Win=1024 Len=0 MSS=1460"
"232","3.315063502","192.168.100.11","192.168.100.15","TCP","60","37593  >  3306 [SYN] Seq=0 Win=1024 Len=0 MSS=1460"
"233","3.315480996","192.168.100.15","192.168.100.11","TCP","60","443  >  37593 [SYN, ACK] Seq=0 Ack=1 Win=64240 Len=0 MSS=1460"
"234","3.315623348","192.168.100.11","192.168.100.15","TCP","60","37593  >  443 [RST] Seq=1 Win=0 Len=0"
"235","3.315940387","192.168.100.15","192.168.100.11","TCP","60","22  >  37593 [SYN, ACK] Seq=0 Ack=1 Win=64240 Len=0 MSS=1460"
"236","3.315940475","192.168.100.15","192.168.100.11","TCP","60","8080  >  37593 [SYN, ACK] Seq=0 Ack=1 Win=64240 Len=0 MSS=1460"
"237","3.315940502","192.168.100.15","192.168.100.11","TCP","60","21  >  37593 [SYN, ACK] Seq=0 Ack=1 Win=64240 Len=0 MSS=1460"
"238","3.315940527","192.168.100.15","192.168.100.11","TCP","60","80  >  37593 [SYN, ACK] Seq=0 Ack=1 Win=64240 Len=0 MSS=1460"
"239","3.315940553","192.168.100.15","192.168.100.11","TCP","60","3306  >  37593 [SYN, ACK] Seq=0 Ack=1 Win=64240 Len=0 MSS=1460"
"240","3.315940580","192.168.100.11","192.168.100.15","TCP","60","37593  >  22 [RST] Seq=1 Win=0 Len=0"
"241","3.315940607","192.168.100.11","192.168.100.15","TCP","60","37593  >  8080 [RST] Seq=1 Win=0 Len=0"
"242","3.315940632","192.168.100.11","192.168.100.15","TCP","60","37593  >  21 [RST] Seq=1 Win=0 Len=0"
"243","3.315945247","192.168.100.11","192.168.100.15","TCP","60","37593  >  80 [RST] Seq=1 Win=0 Len=0"
"244","3.315945283","192.168.100.11","192.168.100.15","TCP","60","37593  >  3306 [RST] Seq=1 Win=0 Len=0"
"245","3.336190960","192.168.100.11","192.168.100.15","TCP","74","41752  >  9999 [SYN] Seq=0 Win=64240 Len=0 MSS=1460 SACK_PERM TSval=4137159905 TSecr=0 WS=128"
"246","3.336698986","192.168.100.15","192.168.100.11","TCP","74","9999  >  41752 [SYN, ACK] Seq=0 Ack=1 Win=65160 Len=0 MSS=1460 SACK_PERM TSval=1240719181 TSecr=4137159905 WS=128"
"247","3.336711311","192.168.100.11","192.168.100.15","TCP","66","41752  >  9999 [ACK] Seq=1 Ack=1 Win=64256 Len=0 TSval=4137159906 TSecr=1240719181"
"248","3.336843901","192.168.100.11","192.168.100.15","TCP","5401","41752  >  9999 [PSH, ACK] Seq=1 Ack=1 Win=64256 Len=5335 TSval=4137159906 TSecr=1240719181"
"249","3.336844046","192.168.100.11","192.168.100.15","TCP","66","41752  >  9999 [FIN, ACK] Seq=5336 Ack=1 Win=64256 Len=0 TSval=4137159906 TSecr=1240719181"
"250","3.336950394","192.168.100.15","192.168.100.11","TCP","66","9999  >  41752 [ACK] Seq=1 Ack=5336 Win=64128 Len=0 TSval=1240719181 TSecr=4137159906"
"251","3.337105726","192.168.100.11","192.168.100.10","TCP","74","33088  >  7777 [SYN] Seq=0 Win=64240 Len=0 MSS=1460 SACK_PERM TSval=2230218539 TSecr=0 WS=128"
"252","3.337136608","192.168.100.10","192.168.100.11","TCP","74","7777  >  33088 [SYN, ACK] Seq=0 Ack=1 Win=65160 Len=0 MSS=1460 SACK_PERM TSval=3054227195 TSecr=2230218539 WS=512"
"253","3.337393114","192.168.100.15","192.168.100.11","TCP","66","9999  >  41752 [FIN, ACK] Seq=1 Ack=5337 Win=64128 Len=0 TSval=1240719182 TSecr=4137159906"
"254","3.337393269","192.168.100.11","192.168.100.10","TCP","66","33088  >  7777 [ACK] Seq=1 Ack=1 Win=64256 Len=0 TSval=2230218539 TSecr=3054227195"
"255","3.337511748","192.168.100.11","192.168.100.15","TCP","66","41752  >  9999 [ACK] Seq=5337 Ack=2 Win=64256 Len=0 TSval=4137159907 TSecr=1240719182"
"256","3.337511843","192.168.100.11","192.168.100.10","TCP","90","33088  >  7777 [PSH, ACK] Seq=1 Ack=1 Win=64256 Len=24 TSval=2230218539 TSecr=3054227195"
"257","3.337527951","192.168.100.10","192.168.100.11","TCP","66","7777  >  33088 [ACK] Seq=1 Ack=25 Win=65536 Len=0 TSval=3054227195 TSecr=2230218539"
"258","3.337571822","192.168.100.11","192.168.100.10","TCP","66","33088  >  7777 [FIN, ACK] Seq=25 Ack=1 Win=64256 Len=0 TSval=2230218539 TSecr=3054227195"
"259","3.337895413","192.168.100.10","192.168.100.11","TCP","74","7777  >  33088 [PSH, ACK] Seq=1 Ack=26 Win=65536 Len=8 TSval=3054227196 TSecr=2230218539"
"260","3.337984984","192.168.100.10","192.168.100.11","TCP","66","7777  >  33088 [FIN, ACK] Seq=9 Ack=26 Win=65536 Len=0 TSval=3054227196 TSecr=2230218539"
"261","3.338335605","192.168.100.11","192.168.100.10","TCP","66","33088  >  7777 [ACK] Seq=26 Ack=9 Win=64256 Len=0 TSval=2230218540 TSecr=3054227196"
"262","3.338336038","192.168.100.11","192.168.100.10","TCP","66","33088  >  7777 [ACK] Seq=26 Ack=10 Win=64256 Len=0 TSval=2230218540 TSecr=3054227196"
"263","3.338583940","192.168.100.15","192.168.100.10","TCP","74","45758  >  8888 [SYN] Seq=0 Win=64240 Len=0 MSS=1460 SACK_PERM TSval=3105162597 TSecr=0 WS=128"
"264","3.338600028","192.168.100.10","192.168.100.15","TCP","74","8888  >  45758 [SYN, ACK] Seq=0 Ack=1 Win=65160 Len=0 MSS=1460 SACK_PERM TSval=157266157 TSecr=3105162597 WS=512"
"265","3.338983951","192.168.100.15","192.168.100.10","TCP","66","45758  >  8888 [ACK] Seq=1 Ack=1 Win=64256 Len=0 TSval=3105162597 TSecr=157266157"
"266","3.340486033","192.168.100.15","192.168.100.10","TCP","283","45758  >  8888 [PSH, ACK] Seq=1 Ack=1 Win=64256 Len=217 TSval=3105162599 TSecr=157266157"
"267","3.340486157","192.168.100.15","192.168.100.10","TCP","66","45758  >  8888 [FIN, ACK] Seq=218 Ack=1 Win=64256 Len=0 TSval=3105162599 TSecr=157266157"
"268","3.340512376","192.168.100.10","192.168.100.15","TCP","66","8888  >  45758 [ACK] Seq=1 Ack=218 Win=65024 Len=0 TSval=157266159 TSecr=3105162599"
"269","3.340567701","192.168.100.10","192.168.100.15","TCP","66","8888  >  45758 [FIN, ACK] Seq=1 Ack=219 Win=65024 Len=0 TSval=157266159 TSecr=3105162599"
"270","3.340700866","192.168.100.15","192.168.100.10","TCP","66","45758  >  8888 [ACK] Seq=219 Ack=2 Win=64256 Len=0 TSval=3105162599 TSecr=157266159"
"271","3.421191703","192.168.100.12","192.168.100.10","TCP","74","36602  >  7777 [SYN] Seq=0 Win=64240 Len=0 MSS=1460 SACK_PERM TSval=412256617 TSecr=0 WS=128"
"272","3.421226510","192.168.100.10","192.168.100.12","TCP","74","7777  >  36602 [SYN, ACK] Seq=0 Ack=1 Win=65160 Len=0 MSS=1460 SACK_PERM TSval=4011349423 TSecr=412256617 WS=512"
"273","3.421761615","192.168.100.12","192.168.100.10","TCP","66","36602  >  7777 [ACK] Seq=1 Ack=1 Win=64256 Len=0 TSval=412256618 TSecr=4011349423"
"274","3.421761839","192.168.100.12","192.168.100.10","TCP","90","36602  >  7777 [PSH, ACK] Seq=1 Ack=1 Win=64256 Len=24 TSval=412256618 TSecr=4011349423"
"275","3.421761876","192.168.100.12","192.168.100.10","TCP","66","36602  >  7777 [FIN, ACK] Seq=25 Ack=1 Win=64256 Len=0 TSval=412256618 TSecr=4011349423"
"276","3.421809199","192.168.100.10","192.168.100.12","TCP","66","7777  >  36602 [ACK] Seq=1 Ack=25 Win=65536 Len=0 TSval=4011349423 TSecr=412256618"
"277","3.422187147","192.168.100.10","192.168.100.12","TCP","74","7777  >  36602 [PSH, ACK] Seq=1 Ack=26 Win=65536 Len=8 TSval=4011349424 TSecr=412256618"
"278","3.422295795","192.168.100.10","192.168.100.12","TCP","66","7777  >  36602 [FIN, ACK] Seq=9 Ack=26 Win=65536 Len=0 TSval=4011349424 TSecr=412256618"
"279","3.422504989","192.168.100.12","192.168.100.10","TCP","66","36602  >  7777 [ACK] Seq=26 Ack=9 Win=64256 Len=0 TSval=412256618 TSecr=4011349424"
"280","3.422505142","192.168.100.12","192.168.100.10","TCP","66","36602  >  7777 [ACK] Seq=26 Ack=10 Win=64256 Len=0 TSval=412256619 TSecr=4011349424"
"281","3.432658650","192.168.100.15","192.168.100.10","TCP","74","49586  >  7777 [SYN] Seq=0 Win=64240 Len=0 MSS=1460 SACK_PERM TSval=3105162691 TSecr=0 WS=128"
"282","3.432688684","192.168.100.10","192.168.100.15","TCP","74","7777  >  49586 [SYN, ACK] Seq=0 Ack=1 Win=65160 Len=0 MSS=1460 SACK_PERM TSval=157266251 TSecr=3105162691 WS=512"
"283","3.433047328","192.168.100.15","192.168.100.10","TCP","66","49586  >  7777 [ACK] Seq=1 Ack=1 Win=64256 Len=0 TSval=3105162691 TSecr=157266251"
"284","3.433047422","192.168.100.15","192.168.100.10","TCP","90","49586  >  7777 [PSH, ACK] Seq=1 Ack=1 Win=64256 Len=24 TSval=3105162691 TSecr=157266251"
"285","3.433047465","192.168.100.15","192.168.100.10","TCP","66","49586  >  7777 [FIN, ACK] Seq=25 Ack=1 Win=64256 Len=0 TSval=3105162691 TSecr=157266251"
"286","3.433100936","192.168.100.10","192.168.100.15","TCP","66","7777  >  49586 [ACK] Seq=1 Ack=25 Win=65536 Len=0 TSval=157266252 TSecr=3105162691"
"287","3.433412389","192.168.100.10","192.168.100.15","TCP","74","7777  >  49586 [PSH, ACK] Seq=1 Ack=26 Win=65536 Len=8 TSval=157266252 TSecr=3105162691"
"288","3.433497916","192.168.100.10","192.168.100.15","TCP","66","7777  >  49586 [FIN, ACK] Seq=9 Ack=26 Win=65536 Len=0 TSval=157266252 TSecr=3105162691"
"289","3.433672004","192.168.100.15","192.168.100.10","TCP","66","49586  >  7777 [ACK] Seq=26 Ack=9 Win=64256 Len=0 TSval=3105162692 TSecr=157266252"
"290","3.433750576","192.168.100.15","192.168.100.10","TCP","66","49586  >  7777 [ACK] Seq=26 Ack=10 Win=64256 Len=0 TSval=3105162692 TSecr=157266252"
"291","3.524963877","192.168.100.14","192.168.100.10","TCP","74","53082  >  7777 [SYN] Seq=0 Win=64240 Len=0 MSS=1460 SACK_PERM TSval=3424963496 TSecr=0 WS=128"
"292","3.524992517","192.168.100.10","192.168.100.14","TCP","74","7777  >  53082 [SYN, ACK] Seq=0 Ack=1 Win=65160 Len=0 MSS=1460 SACK_PERM TSval=1739820699 TSecr=3424963496 WS=512"
"293","3.525243085","192.168.100.14","192.168.100.10","TCP","66","53082  >  7777 [ACK] Seq=1 Ack=1 Win=64256 Len=0 TSval=3424963496 TSecr=1739820699"
"294","3.525341499","192.168.100.14","192.168.100.10","TCP","90","53082  >  7777 [PSH, ACK] Seq=1 Ack=1 Win=64256 Len=24 TSval=3424963496 TSecr=1739820699"
"295","3.525341705","192.168.100.14","192.168.100.10","TCP","66","53082  >  7777 [FIN, ACK] Seq=25 Ack=1 Win=64256 Len=0 TSval=3424963496 TSecr=1739820699"
"296","3.525363843","192.168.100.10","192.168.100.14","TCP","66","7777  >  53082 [ACK] Seq=1 Ack=25 Win=65536 Len=0 TSval=1739820699 TSecr=3424963496"
"297","3.525747412","192.168.100.10","192.168.100.14","TCP","74","7777  >  53082 [PSH, ACK] Seq=1 Ack=26 Win=65536 Len=8 TSval=1739820699 TSecr=3424963496"
"298","3.525841507","192.168.100.10","192.168.100.14","TCP","66","7777  >  53082 [FIN, ACK] Seq=9 Ack=26 Win=65536 Len=0 TSval=1739820700 TSecr=3424963496"
"299","3.526043645","192.168.100.14","192.168.100.10","TCP","66","53082  >  7777 [ACK] Seq=26 Ack=9 Win=64256 Len=0 TSval=3424963497 TSecr=1739820699"
"300","3.526043791","192.168.100.14","192.168.100.10","TCP","66","53082  >  7777 [ACK] Seq=26 Ack=10 Win=64256 Len=0 TSval=3424963497 TSecr=1739820700"
"301","3.536537631","192.168.100.13","192.168.100.10","TCP","74","43574  >  7777 [SYN] Seq=0 Win=64240 Len=0 MSS=1460 SACK_PERM TSval=1725360883 TSecr=0 WS=128"
"302","3.536594103","192.168.100.10","192.168.100.13","TCP","74","7777  >  43574 [SYN, ACK] Seq=0 Ack=1 Win=65160 Len=0 MSS=1460 SACK_PERM TSval=2451796993 TSecr=1725360883 WS=512"
"303","3.536996991","192.168.100.13","192.168.100.10","TCP","66","43574  >  7777 [ACK] Seq=1 Ack=1 Win=64256 Len=0 TSval=1725360884 TSecr=2451796993"
"304","3.536997136","192.168.100.13","192.168.100.10","TCP","90","43574  >  7777 [PSH, ACK] Seq=1 Ack=1 Win=64256 Len=24 TSval=1725360884 TSecr=2451796993"
"305","3.536997172","192.168.100.13","192.168.100.10","TCP","66","43574  >  7777 [FIN, ACK] Seq=25 Ack=1 Win=64256 Len=0 TSval=1725360884 TSecr=2451796993"
"306","3.537067684","192.168.100.10","192.168.100.13","TCP","66","7777  >  43574 [ACK] Seq=1 Ack=25 Win=65536 Len=0 TSval=2451796994 TSecr=1725360884"
"307","3.537698738","192.168.100.10","192.168.100.13","TCP","74","7777  >  43574 [PSH, ACK] Seq=1 Ack=26 Win=65536 Len=8 TSval=2451796994 TSecr=1725360884"
"308","3.537773159","192.168.100.10","192.168.100.13","TCP","66","7777  >  43574 [FIN, ACK] Seq=9 Ack=26 Win=65536 Len=0 TSval=2451796994 TSecr=1725360884"
"309","3.537877510","192.168.100.13","192.168.100.10","TCP","66","43574  >  7777 [ACK] Seq=26 Ack=9 Win=64256 Len=0 TSval=1725360885 TSecr=2451796994"
"310","3.537890178","192.168.100.13","192.168.100.10","TCP","66","43574  >  7777 [ACK] Seq=26 Ack=10 Win=64256 Len=0 TSval=1725360885 TSecr=2451796994"
"311","4.340304316","192.168.100.11","192.168.100.10","TCP","74","33092  >  7777 [SYN] Seq=0 Win=64240 Len=0 MSS=1460 SACK_PERM TSval=2230219541 TSecr=0 WS=128"
"312","4.340353623","192.168.100.10","192.168.100.11","TCP","74","7777  >  33092 [SYN, ACK] Seq=0 Ack=1 Win=65160 Len=0 MSS=1460 SACK_PERM TSval=3054228198 TSecr=2230219541 WS=512"
"313","4.341174311","192.168.100.11","192.168.100.10","TCP","66","33092  >  7777 [ACK] Seq=1 Ack=1 Win=64256 Len=0 TSval=2230219542 TSecr=3054228198"
"314","4.341174851","192.168.100.11","192.168.100.10","TCP","90","33092  >  7777 [PSH, ACK] Seq=1 Ack=1 Win=64256 Len=24 TSval=2230219542 TSecr=3054228198"
"315","4.341174933","192.168.100.11","192.168.100.10","TCP","66","33092  >  7777 [FIN, ACK] Seq=25 Ack=1 Win=64256 Len=0 TSval=2230219543 TSecr=3054228198"
"316","4.341261635","192.168.100.10","192.168.100.11","TCP","66","7777  >  33092 [ACK] Seq=1 Ack=25 Win=65536 Len=0 TSval=3054228199 TSecr=2230219542"
"317","4.341865349","192.168.100.10","192.168.100.11","TCP","74","7777  >  33092 [PSH, ACK] Seq=1 Ack=26 Win=65536 Len=8 TSval=3054228200 TSecr=2230219543"
"318","4.342195313","192.168.100.10","192.168.100.11","TCP","66","7777  >  33092 [FIN, ACK] Seq=9 Ack=26 Win=65536 Len=0 TSval=3054228200 TSecr=2230219543"
"319","4.342419143","192.168.100.11","192.168.100.10","TCP","66","33092  >  7777 [ACK] Seq=26 Ack=9 Win=64256 Len=0 TSval=2230219544 TSecr=3054228200"
"320","4.342419360","192.168.100.11","192.168.100.10","TCP","66","33092  >  7777 [ACK] Seq=26 Ack=10 Win=64256 Len=0 TSval=2230219544 TSecr=3054228200"
"321","4.424368096","192.168.100.12","192.168.100.10","TCP","74","36606  >  7777 [SYN] Seq=0 Win=64240 Len=0 MSS=1460 SACK_PERM TSval=412257620 TSecr=0 WS=128"
"322","4.424405864","192.168.100.10","192.168.100.12","TCP","74","7777  >  36606 [SYN, ACK] Seq=0 Ack=1 Win=65160 Len=0 MSS=1460 SACK_PERM TSval=4011350426 TSecr=412257620 WS=512"
"323","4.425014825","192.168.100.12","192.168.100.10","TCP","66","36606  >  7777 [ACK] Seq=1 Ack=1 Win=64256 Len=0 TSval=412257621 TSecr=4011350426"
"324","4.425016664","192.168.100.12","192.168.100.10","TCP","90","36606  >  7777 [PSH, ACK] Seq=1 Ack=1 Win=64256 Len=24 TSval=412257621 TSecr=4011350426"
"325","4.425079897","192.168.100.10","192.168.100.12","TCP","66","7777  >  36606 [ACK] Seq=1 Ack=25 Win=65536 Len=0 TSval=4011350427 TSecr=412257621"
"326","4.425131212","192.168.100.12","192.168.100.10","TCP","66","36606  >  7777 [FIN, ACK] Seq=25 Ack=1 Win=64256 Len=0 TSval=412257621 TSecr=4011350426"
"327","4.426101980","192.168.100.10","192.168.100.12","TCP","74","7777  >  36606 [PSH, ACK] Seq=1 Ack=26 Win=65536 Len=8 TSval=4011350428 TSecr=412257621"
"328","4.426203754","192.168.100.10","192.168.100.12","TCP","66","7777  >  36606 [FIN, ACK] Seq=9 Ack=26 Win=65536 Len=0 TSval=4011350428 TSecr=412257621"
"329","4.426905870","192.168.100.12","192.168.100.10","TCP","66","36606  >  7777 [ACK] Seq=26 Ack=9 Win=64256 Len=0 TSval=412257623 TSecr=4011350428"
"330","4.426906082","192.168.100.12","192.168.100.10","TCP","66","36606  >  7777 [ACK] Seq=26 Ack=10 Win=64256 Len=0 TSval=412257623 TSecr=4011350428"
"331","4.438122456","192.168.100.15","192.168.100.10","TCP","74","49590  >  7777 [SYN] Seq=0 Win=64240 Len=0 MSS=1460 SACK_PERM TSval=3105163696 TSecr=0 WS=128"
"332","4.438151601","192.168.100.10","192.168.100.15","TCP","74","7777  >  49590 [SYN, ACK] Seq=0 Ack=1 Win=65160 Len=0 MSS=1460 SACK_PERM TSval=157267257 TSecr=3105163696 WS=512"
"333","4.438704857","192.168.100.15","192.168.100.10","TCP","66","49590  >  7777 [ACK] Seq=1 Ack=1 Win=64256 Len=0 TSval=3105163697 TSecr=157267257"
"334","4.438854759","192.168.100.15","192.168.100.10","TCP","90","49590  >  7777 [PSH, ACK] Seq=1 Ack=1 Win=64256 Len=24 TSval=3105163697 TSecr=157267257"
"335","4.438854875","192.168.100.15","192.168.100.10","TCP","66","49590  >  7777 [FIN, ACK] Seq=25 Ack=1 Win=64256 Len=0 TSval=3105163697 TSecr=157267257"
"336","4.438908791","192.168.100.10","192.168.100.15","TCP","66","7777  >  49590 [ACK] Seq=1 Ack=25 Win=65536 Len=0 TSval=157267258 TSecr=3105163697"
"337","4.439333616","192.168.100.10","192.168.100.15","TCP","74","7777  >  49590 [PSH, ACK] Seq=1 Ack=26 Win=65536 Len=8 TSval=157267258 TSecr=3105163697"
"338","4.439504531","192.168.100.10","192.168.100.15","TCP","66","7777  >  49590 [FIN, ACK] Seq=9 Ack=26 Win=65536 Len=0 TSval=157267258 TSecr=3105163697"
"339","4.439796091","192.168.100.15","192.168.100.10","TCP","66","49590  >  7777 [ACK] Seq=26 Ack=9 Win=64256 Len=0 TSval=3105163698 TSecr=157267258"
"340","4.439796406","192.168.100.15","192.168.100.10","TCP","66","49590  >  7777 [ACK] Seq=26 Ack=10 Win=64256 Len=0 TSval=3105163698 TSecr=157267258"
"341","4.528350264","192.168.100.14","192.168.100.10","TCP","74","53098  >  7777 [SYN] Seq=0 Win=64240 Len=0 MSS=1460 SACK_PERM TSval=3424964499 TSecr=0 WS=128"
"342","4.528373970","192.168.100.10","192.168.100.14","TCP","74","7777  >  53098 [SYN, ACK] Seq=0 Ack=1 Win=65160 Len=0 MSS=1460 SACK_PERM TSval=1739821702 TSecr=3424964499 WS=512"
"343","4.528614738","192.168.100.14","192.168.100.10","TCP","66","53098  >  7777 [ACK] Seq=1 Ack=1 Win=64256 Len=0 TSval=3424964499 TSecr=1739821702"
"344","4.528768785","192.168.100.14","192.168.100.10","TCP","90","53098  >  7777 [PSH, ACK] Seq=1 Ack=1 Win=64256 Len=24 TSval=3424964499 TSecr=1739821702"
"345","4.528768901","192.168.100.14","192.168.100.10","TCP","66","53098  >  7777 [FIN, ACK] Seq=25 Ack=1 Win=64256 Len=0 TSval=3424964500 TSecr=1739821702"
"346","4.528801402","192.168.100.10","192.168.100.14","TCP","66","7777  >  53098 [ACK] Seq=1 Ack=25 Win=65536 Len=0 TSval=1739821702 TSecr=3424964499"
"347","4.529163461","192.168.100.10","192.168.100.14","TCP","74","7777  >  53098 [PSH, ACK] Seq=1 Ack=26 Win=65536 Len=8 TSval=1739821703 TSecr=3424964500"
"348","4.529264763","192.168.100.10","192.168.100.14","TCP","66","7777  >  53098 [FIN, ACK] Seq=9 Ack=26 Win=65536 Len=0 TSval=1739821703 TSecr=3424964500"
"349","4.529368990","192.168.100.14","192.168.100.10","TCP","66","53098  >  7777 [ACK] Seq=26 Ack=9 Win=64256 Len=0 TSval=3424964500 TSecr=1739821703"
"350","4.529387076","192.168.100.14","192.168.100.10","TCP","66","53098  >  7777 [ACK] Seq=26 Ack=10 Win=64256 Len=0 TSval=3424964500 TSecr=1739821703"
"351","4.539783410","192.168.100.13","192.168.100.10","TCP","74","43582  >  7777 [SYN] Seq=0 Win=64240 Len=0 MSS=1460 SACK_PERM TSval=1725361886 TSecr=0 WS=128"
"352","4.539838804","192.168.100.10","192.168.100.13","TCP","74","7777  >  43582 [SYN, ACK] Seq=0 Ack=1 Win=65160 Len=0 MSS=1460 SACK_PERM TSval=2451797996 TSecr=1725361886 WS=512"
"353","4.540142301","192.168.100.13","192.168.100.10","TCP","66","43582  >  7777 [ACK] Seq=1 Ack=1 Win=64256 Len=0 TSval=1725361887 TSecr=2451797996"
"354","4.540309578","192.168.100.13","192.168.100.10","TCP","90","43582  >  7777 [PSH, ACK] Seq=1 Ack=1 Win=64256 Len=24 TSval=1725361887 TSecr=2451797996"
"355","4.540309626","192.168.100.13","192.168.100.10","TCP","66","43582  >  7777 [FIN, ACK] Seq=25 Ack=1 Win=64256 Len=0 TSval=1725361887 TSecr=2451797996"
"356","4.540321716","192.168.100.10","192.168.100.13","TCP","66","7777  >  43582 [ACK] Seq=1 Ack=25 Win=65536 Len=0 TSval=2451797997 TSecr=1725361887"
"357","4.540781458","192.168.100.10","192.168.100.13","TCP","74","7777  >  43582 [PSH, ACK] Seq=1 Ack=26 Win=65536 Len=8 TSval=2451797997 TSecr=1725361887"
"358","4.540874351","192.168.100.10","192.168.100.13","TCP","66","7777  >  43582 [FIN, ACK] Seq=9 Ack=26 Win=65536 Len=0 TSval=2451797998 TSecr=1725361887"
"359","4.541051052","192.168.100.13","192.168.100.10","TCP","66","43582  >  7777 [ACK] Seq=26 Ack=9 Win=64256 Len=0 TSval=1725361888 TSecr=2451797997"
"360","4.541051106","192.168.100.13","192.168.100.10","TCP","66","43582  >  7777 [ACK] Seq=26 Ack=10 Win=64256 Len=0 TSval=1725361888 TSecr=2451797998"
